FullName;Group;OldName;NewName;ID;Priority
abseil-duration-addition;abseil;duration-addition;Duration Addition;CT_DA;Major
abseil-duration-comparison;abseil;duration-comparison;Duration Comparison;CT_DC;Major
abseil-duration-conversion-cast;abseil;duration-conversion-cast;Duration Conversion Cast;CT_DCC;Major
abseil-duration-division;abseil;duration-division;Duration Division;CT_DD;Major
abseil-duration-factory-float;abseil;duration-factory-float;Duration Factory Float;CT_DFF;Major
abseil-duration-factory-scale;abseil;duration-factory-scale;Duration Factory Scale;CT_DFS;Major
abseil-duration-subtraction;abseil;duration-subtraction;Duration Subtraction;CT_DS;Major
abseil-duration-unnecessary-conversion;abseil;duration-unnecessary-conversion;Duration Unnecessary Conversion;CT_DUC;Major
abseil-faster-strsplit-delimiter;abseil;faster-strsplit-delimiter;Faster Strsplit Delimiter;CT_FSD;Major
abseil-no-internal-dependencies;abseil;no-internal-dependencies;No Internal Dependencies;CT_NID;Major
abseil-no-namespace;abseil;no-namespace;No Namespace;CT_NN;Major
abseil-redundant-strcat-calls;abseil;redundant-strcat-calls;Redundant Strcat Calls;CT_RSC;Major
abseil-str-cat-append;abseil;str-cat-append;Str Cat Append;CT_SCA;Major
abseil-string-find-startswith;abseil;string-find-startswith;String Find Startswith;CT_SFS;Major
abseil-string-find-str-contains;abseil;string-find-str-contains;String Find Str Contains;CT_SFSC;Major
abseil-time-comparison;abseil;time-comparison;Time Comparison;CT_TC;Major
abseil-time-subtraction;abseil;time-subtraction;Time Subtraction;CT_TS;Major
abseil-upgrade-duration-conversions;abseil;upgrade-duration-conversions;Upgrade Duration Conversions;CT_UDC;Major
altera-kernel-name-restriction;altera;kernel-name-restriction;Kernel Name Restriction;CT_KNR;Major
altera-single-work-item-barrier;altera;single-work-item-barrier;Single Work Item Barrier;CT_SWIB;Major
altera-struct-pack-align;altera;struct-pack-align;Struct Pack Align;CT_SPA;Major
android-cloexec-accept;android;cloexec-accept;Cloexec Accept;CT_CA;Major
android-cloexec-accept4;android;cloexec-accept4;Cloexec Accept4;CT_CA_2;Major
android-cloexec-creat;android;cloexec-creat;Cloexec Creat;CT_CC;Major
android-cloexec-dup;android;cloexec-dup;Cloexec Dup;CT_CD;Major
android-cloexec-epoll-create;android;cloexec-epoll-create;Cloexec Epoll Create;CT_CEC;Major
android-cloexec-epoll-create1;android;cloexec-epoll-create1;Cloexec Epoll Create1;CT_CEC_2;Major
android-cloexec-fopen;android;cloexec-fopen;Cloexec Fopen;CT_CF;Major
android-cloexec-inotify-init;android;cloexec-inotify-init;Cloexec Inotify Init;CT_CII;Major
android-cloexec-inotify-init1;android;cloexec-inotify-init1;Cloexec Inotify Init1;CT_CII_2;Major
android-cloexec-memfd-create;android;cloexec-memfd-create;Cloexec Memfd Create;CT_CMC;Major
android-cloexec-open;android;cloexec-open;Cloexec Open;CT_CO;Major
android-cloexec-pipe;android;cloexec-pipe;Cloexec Pipe;CT_CP;Major
android-cloexec-pipe2;android;cloexec-pipe2;Cloexec Pipe2;CT_CP_2;Major
android-cloexec-socket;android;cloexec-socket;Cloexec Socket;CT_CS;Major
android-comparison-in-temp-failure-retry;android;comparison-in-temp-failure-retry;Comparison In Temp Failure Retry;CT_CITFR;Major
boost-use-to-string;boost;use-to-string;Use To String;CT_UTS;Major
bugprone-argument-comment;bugprone;argument-comment;Argument Comment;CT_AC;Major
bugprone-assert-side-effect;bugprone;assert-side-effect;Assert Side Effect;CT_ASE;Major
bugprone-bad-signal-to-kill-thread;bugprone;bad-signal-to-kill-thread;Bad Signal To Kill Thread;CT_BSTKT;Major
bugprone-bool-pointer-implicit-conversion;bugprone;bool-pointer-implicit-conversion;Bool Pointer Implicit Conversion;CT_BPIC;Major
bugprone-branch-clone;bugprone;branch-clone;Branch Clone;CT_BC;Major
bugprone-copy-constructor-init;bugprone;copy-constructor-init;Copy Constructor Init;CT_CCI;Major
bugprone-dangling-handle;bugprone;dangling-handle;Dangling Handle;CT_DH;Major
bugprone-dynamic-static-initializers;bugprone;dynamic-static-initializers;Dynamic Static Initializers;CT_DSI;Major
bugprone-exception-escape;bugprone;exception-escape;Exception Escape;CT_EE;Major
bugprone-fold-init-type;bugprone;fold-init-type;Fold Init Type;CT_FIT;Major
bugprone-forward-declaration-namespace;bugprone;forward-declaration-namespace;Forward Declaration Namespace;CT_FDN;Major
bugprone-forwarding-reference-overload;bugprone;forwarding-reference-overload;Forwarding Reference Overload;CT_FRO;Major
bugprone-inaccurate-erase;bugprone;inaccurate-erase;Inaccurate Erase;CT_IE;Major
bugprone-incorrect-roundings;bugprone;incorrect-roundings;Incorrect Roundings;CT_IR;Major
bugprone-infinite-loop;bugprone;infinite-loop;Infinite Loop;CT_IL;Major
bugprone-integer-division;bugprone;integer-division;Integer Division;CT_ID;Major
bugprone-lambda-function-name;bugprone;lambda-function-name;Lambda Function Name;CT_LFN;Major
bugprone-macro-parentheses;bugprone;macro-parentheses;Macro Parentheses;CT_MP;Major
bugprone-macro-repeated-side-effects;bugprone;macro-repeated-side-effects;Macro Repeated Side Effects;CT_MRSE;Major
bugprone-misplaced-operator-in-strlen-in-alloc;bugprone;misplaced-operator-in-strlen-in-alloc;Misplaced Operator In Strlen In Alloc;CT_MOISIA;Major
bugprone-misplaced-pointer-arithmetic-in-alloc;bugprone;misplaced-pointer-arithmetic-in-alloc;Misplaced Pointer Arithmetic In Alloc;CT_MPAIA;Major
bugprone-misplaced-widening-cast;bugprone;misplaced-widening-cast;Misplaced Widening Cast;CT_MWC;Major
bugprone-move-forwarding-reference;bugprone;move-forwarding-reference;Move Forwarding Reference;CT_MFR;Major
bugprone-multiple-statement-macro;bugprone;multiple-statement-macro;Multiple Statement Macro;CT_MSM;Major
bugprone-no-escape;bugprone;no-escape;No Escape;CT_NE;Major
bugprone-not-null-terminated-result;bugprone;not-null-terminated-result;Not Null Terminated Result;CT_NNTR;Major
bugprone-parent-virtual-call;bugprone;parent-virtual-call;Parent Virtual Call;CT_PVC;Major
bugprone-posix-return;bugprone;posix-return;Posix Return;CT_PR;Major
bugprone-redundant-branch-condition;bugprone;redundant-branch-condition;Redundant Branch Condition;CT_RBC;Major
bugprone-reserved-identifier;bugprone;reserved-identifier;Reserved Identifier;CT_RI;Major
bugprone-signal-handler;bugprone;signal-handler;Signal Handler;CT_SH;Major
bugprone-signed-char-misuse;bugprone;signed-char-misuse;Signed Char Misuse;CT_SCM;Major
bugprone-sizeof-container;bugprone;sizeof-container;Sizeof Container;CT_SC;Major
bugprone-sizeof-expression;bugprone;sizeof-expression;Sizeof Expression;CT_SE;Major
bugprone-spuriously-wake-up-functions;bugprone;spuriously-wake-up-functions;Spuriously Wake Up Functions;CT_SWUF;Major
bugprone-string-constructor;bugprone;string-constructor;String Constructor;CT_SC_2;Major
bugprone-string-integer-assignment;bugprone;string-integer-assignment;String Integer Assignment;CT_SIA;Major
bugprone-string-literal-with-embedded-nul;bugprone;string-literal-with-embedded-nul;String Literal With Embedded Nul;CT_SLWEN;Major
bugprone-suspicious-enum-usage;bugprone;suspicious-enum-usage;Suspicious Enum Usage;CT_SEU;Major
bugprone-suspicious-include;bugprone;suspicious-include;Suspicious Include;CT_SI;Major
bugprone-suspicious-memset-usage;bugprone;suspicious-memset-usage;Suspicious Memset Usage;CT_SMU;Major
bugprone-suspicious-missing-comma;bugprone;suspicious-missing-comma;Suspicious Missing Comma;CT_SMC;Major
bugprone-suspicious-semicolon;bugprone;suspicious-semicolon;Suspicious Semicolon;CT_SS;Major
bugprone-suspicious-string-compare;bugprone;suspicious-string-compare;Suspicious String Compare;CT_SSC;Major
bugprone-swapped-arguments;bugprone;swapped-arguments;Swapped Arguments;CT_SA;Major
bugprone-terminating-continue;bugprone;terminating-continue;Terminating Continue;CT_TC_2;Major
bugprone-throw-keyword-missing;bugprone;throw-keyword-missing;Throw Keyword Missing;CT_TKM;Major
bugprone-too-small-loop-variable;bugprone;too-small-loop-variable;Too Small Loop Variable;CT_TSLV;Major
bugprone-undefined-memory-manipulation;bugprone;undefined-memory-manipulation;Undefined Memory Manipulation;CT_UMM;Major
bugprone-undelegated-constructor;bugprone;undelegated-constructor;Undelegated Constructor;CT_UC;Major
bugprone-unhandled-self-assignment;bugprone;unhandled-self-assignment;Unhandled Self Assignment;CT_USA;Major
bugprone-unused-raii;bugprone;unused-raii;Unused Raii;CT_UR;Major
bugprone-unused-return-value;bugprone;unused-return-value;Unused Return Value;CT_URV;Major
bugprone-use-after-move;bugprone;use-after-move;Use After Move;CT_UAM;Major
bugprone-virtual-near-miss;bugprone;virtual-near-miss;Virtual Near Miss;CT_VNM;Major
cert-con36-c;cert;con36-c;Con36 C;CT_CC_2;Major
cert-con54-cpp;cert;con54-cpp;Con54 Cpp;CT_CC_3;Major
cert-dcl03-c;cert;dcl03-c;Dcl03 C;CT_DC_2;Major
cert-dcl16-c;cert;dcl16-c;Dcl16 C;CT_DC_3;Major
cert-dcl21-cpp;cert;dcl21-cpp;Dcl21 Cpp;CT_DC_4;Major
cert-dcl37-c;cert;dcl37-c;Dcl37 C;CT_DC_5;Major
cert-dcl50-cpp;cert;dcl50-cpp;Dcl50 Cpp;CT_DC_6;Major
cert-dcl51-cpp;cert;dcl51-cpp;Dcl51 Cpp;CT_DC_7;Major
cert-dcl54-cpp;cert;dcl54-cpp;Dcl54 Cpp;CT_DC_8;Major
cert-dcl58-cpp;cert;dcl58-cpp;Dcl58 Cpp;CT_DC_9;Major
cert-dcl59-cpp;cert;dcl59-cpp;Dcl59 Cpp;CT_DC_10;Major
cert-env33-c;cert;env33-c;Env33 C;CT_EC;Major
cert-err09-cpp;cert;err09-cpp;Err09 Cpp;CT_EC_2;Major
cert-err34-c;cert;err34-c;Err34 C;CT_EC_3;Major
cert-err52-cpp;cert;err52-cpp;Err52 Cpp;CT_EC_4;Major
cert-err58-cpp;cert;err58-cpp;Err58 Cpp;CT_EC_5;Major
cert-err60-cpp;cert;err60-cpp;Err60 Cpp;CT_EC_6;Major
cert-err61-cpp;cert;err61-cpp;Err61 Cpp;CT_EC_7;Major
cert-fio38-c;cert;fio38-c;Fio38 C;CT_FC;Major
cert-flp30-c;cert;flp30-c;Flp30 C;CT_FC_2;Major
cert-mem57-cpp;cert;mem57-cpp;Mem57 Cpp;CT_MC;Major
cert-msc30-c;cert;msc30-c;Msc30 C;CT_MC_2;Major
cert-msc32-c;cert;msc32-c;Msc32 C;CT_MC_3;Major
cert-msc50-cpp;cert;msc50-cpp;Msc50 Cpp;CT_MC_4;Major
cert-msc51-cpp;cert;msc51-cpp;Msc51 Cpp;CT_MC_5;Major
cert-oop11-cpp;cert;oop11-cpp;Oop11 Cpp;CT_OC;Major
cert-oop54-cpp;cert;oop54-cpp;Oop54 Cpp;CT_OC_2;Major
cert-oop57-cpp;cert;oop57-cpp;Oop57 Cpp;CT_OC_3;Major
cert-oop58-cpp;cert;oop58-cpp;Oop58 Cpp;CT_OC_4;Major
cert-pos44-c;cert;pos44-c;Pos44 C;CT_PC;Major
cert-sig30-c;cert;sig30-c;Sig30 C;CT_SC_3;Major
cert-str34-c;cert;str34-c;Str34 C;CT_SC_4;Major
concurrency-mt-unsafe;concurrency;mt-unsafe;Mt Unsafe;CT_MU;Major
cppcoreguidelines-avoid-c-arrays;cppcoreguidelines;avoid-c-arrays;Avoid C Arrays;CT_ACA;Major
cppcoreguidelines-avoid-goto;cppcoreguidelines;avoid-goto;Avoid Goto;CT_AG;Major
cppcoreguidelines-avoid-magic-numbers;cppcoreguidelines;avoid-magic-numbers;Avoid Magic Numbers;CT_AMN;Major
cppcoreguidelines-avoid-non-const-global-variables;cppcoreguidelines;avoid-non-const-global-variables;Avoid Non Const Global Variables;CT_ANCGV;Major
cppcoreguidelines-c-copy-assignment-signature;cppcoreguidelines;c-copy-assignment-signature;C Copy Assignment Signature;CT_CCAS;Major
cppcoreguidelines-explicit-virtual-functions;cppcoreguidelines;explicit-virtual-functions;Explicit Virtual Functions;CT_EVF;Major
cppcoreguidelines-init-variables;cppcoreguidelines;init-variables;Init Variables;CT_IV;Major
cppcoreguidelines-interfaces-global-init;cppcoreguidelines;interfaces-global-init;Interfaces Global Init;CT_IGI;Major
cppcoreguidelines-macro-usage;cppcoreguidelines;macro-usage;Macro Usage;CT_MU_2;Major
cppcoreguidelines-narrowing-conversions;cppcoreguidelines;narrowing-conversions;Narrowing Conversions;CT_NC;Major
cppcoreguidelines-no-malloc;cppcoreguidelines;no-malloc;No Malloc;CT_NM;Major
cppcoreguidelines-non-private-member-variables-in-classes;cppcoreguidelines;non-private-member-variables-in-classes;Non Private Member Variables In Classes;CT_NPMVIC;Major
cppcoreguidelines-owning-memory;cppcoreguidelines;owning-memory;Owning Memory;CT_OM;Major
cppcoreguidelines-pro-bounds-array-to-pointer-decay;cppcoreguidelines;pro-bounds-array-to-pointer-decay;Pro Bounds Array To Pointer Decay;CT_PBATPD;Major
cppcoreguidelines-pro-bounds-constant-array-index;cppcoreguidelines;pro-bounds-constant-array-index;Pro Bounds Constant Array Index;CT_PBCAI;Major
cppcoreguidelines-pro-bounds-pointer-arithmetic;cppcoreguidelines;pro-bounds-pointer-arithmetic;Pro Bounds Pointer Arithmetic;CT_PBPA;Major
cppcoreguidelines-pro-type-const-cast;cppcoreguidelines;pro-type-const-cast;Pro Type Const Cast;CT_PTCC;Major
cppcoreguidelines-pro-type-cstyle-cast;cppcoreguidelines;pro-type-cstyle-cast;Pro Type Cstyle Cast;CT_PTCC_2;Major
cppcoreguidelines-pro-type-member-init;cppcoreguidelines;pro-type-member-init;Pro Type Member Init;CT_PTMI;Major
cppcoreguidelines-pro-type-reinterpret-cast;cppcoreguidelines;pro-type-reinterpret-cast;Pro Type Reinterpret Cast;CT_PTRC;Major
cppcoreguidelines-pro-type-static-cast-downcast;cppcoreguidelines;pro-type-static-cast-downcast;Pro Type Static Cast Downcast;CT_PTSCD;Major
cppcoreguidelines-pro-type-union-access;cppcoreguidelines;pro-type-union-access;Pro Type Union Access;CT_PTUA;Major
cppcoreguidelines-pro-type-vararg;cppcoreguidelines;pro-type-vararg;Pro Type Vararg;CT_PTV;Major
cppcoreguidelines-slicing;cppcoreguidelines;slicing;Slicing;CT_S;Major
cppcoreguidelines-special-member-functions;cppcoreguidelines;special-member-functions;Special Member Functions;CT_SMF;Major
darwin-avoid-spinlock;darwin;avoid-spinlock;Avoid Spinlock;CT_AS;Major
darwin-dispatch-once-nonstatic;darwin;dispatch-once-nonstatic;Dispatch Once Nonstatic;CT_DON;Major
fuchsia-default-arguments-calls;fuchsia;default-arguments-calls;Default Arguments Calls;CT_DAC;Major
fuchsia-default-arguments-declarations;fuchsia;default-arguments-declarations;Default Arguments Declarations;CT_DAD;Major
fuchsia-header-anon-namespaces;fuchsia;header-anon-namespaces;Header Anon Namespaces;CT_HAN;Major
fuchsia-multiple-inheritance;fuchsia;multiple-inheritance;Multiple Inheritance;CT_MI;Major
fuchsia-overloaded-operator;fuchsia;overloaded-operator;Overloaded Operator;CT_OO;Major
fuchsia-statically-constructed-objects;fuchsia;statically-constructed-objects;Statically Constructed Objects;CT_SCO;Major
fuchsia-trailing-return;fuchsia;trailing-return;Trailing Return;CT_TR;Major
fuchsia-virtual-inheritance;fuchsia;virtual-inheritance;Virtual Inheritance;CT_VI;Major
google-build-explicit-make-pair;google;build-explicit-make-pair;Build Explicit Make Pair;CT_BEMP;Major
google-build-namespaces;google;build-namespaces;Build Namespaces;CT_BN;Major
google-build-using-namespace;google;build-using-namespace;Build Using Namespace;CT_BUN;Major
google-default-arguments;google;default-arguments;Default Arguments;CT_DA_2;Major
google-explicit-constructor;google;explicit-constructor;Explicit Constructor;CT_EC_8;Major
google-global-names-in-headers;google;global-names-in-headers;Global Names In Headers;CT_GNIH;Major
google-objc-avoid-nsobject-new;google;objc-avoid-nsobject-new;Objc Avoid Nsobject New;CT_OANN;Major
google-objc-avoid-throwing-exception;google;objc-avoid-throwing-exception;Objc Avoid Throwing Exception;CT_OATE;Major
google-objc-function-naming;google;objc-function-naming;Objc Function Naming;CT_OFN;Major
google-objc-global-variable-declaration;google;objc-global-variable-declaration;Objc Global Variable Declaration;CT_OGVD;Major
google-readability-avoid-underscore-in-googletest-name;google;readability-avoid-underscore-in-googletest-name;Readability Avoid Underscore In Googletest Name;CT_RAUIGN;Major
google-readability-braces-around-statements;google;readability-braces-around-statements;Readability Braces Around Statements;CT_RBAS;Major
google-readability-casting;google;readability-casting;Readability Casting;CT_RC;Major
google-readability-function-size;google;readability-function-size;Readability Function Size;CT_RFS;Major
google-readability-namespace-comments;google;readability-namespace-comments;Readability Namespace Comments;CT_RNC;Major
google-readability-todo;google;readability-todo;Readability Todo;CT_RT;Major
google-runtime-int;google;runtime-int;Runtime Int;CT_RI_2;Major
google-runtime-operator;google;runtime-operator;Runtime Operator;CT_RO;Major
google-upgrade-googletest-case;google;upgrade-googletest-case;Upgrade Googletest Case;CT_UGC;Major
hicpp-avoid-c-arrays;hicpp;avoid-c-arrays;Avoid C Arrays;CT_ACA_2;Major
hicpp-avoid-goto;hicpp;avoid-goto;Avoid Goto;CT_AG_2;Major
hicpp-braces-around-statements;hicpp;braces-around-statements;Braces Around Statements;CT_BAS;Major
hicpp-deprecated-headers;hicpp;deprecated-headers;Deprecated Headers;CT_DH_2;Major
hicpp-exception-baseclass;hicpp;exception-baseclass;Exception Baseclass;CT_EB;Major
hicpp-explicit-conversions;hicpp;explicit-conversions;Explicit Conversions;CT_EC_9;Major
hicpp-function-size;hicpp;function-size;Function Size;CT_FS;Major
hicpp-invalid-access-moved;hicpp;invalid-access-moved;Invalid Access Moved;CT_IAM;Major
hicpp-member-init;hicpp;member-init;Member Init;CT_MI_2;Major
hicpp-move-const-arg;hicpp;move-const-arg;Move Const Arg;CT_MCA;Major
hicpp-multiway-paths-covered;hicpp;multiway-paths-covered;Multiway Paths Covered;CT_MPC;Major
hicpp-named-parameter;hicpp;named-parameter;Named Parameter;CT_NP;Major
hicpp-new-delete-operators;hicpp;new-delete-operators;New Delete Operators;CT_NDO;Major
hicpp-no-array-decay;hicpp;no-array-decay;No Array Decay;CT_NAD;Major
hicpp-no-assembler;hicpp;no-assembler;No Assembler;CT_NA;Major
hicpp-no-malloc;hicpp;no-malloc;No Malloc;CT_NM_2;Major
hicpp-noexcept-move;hicpp;noexcept-move;Noexcept Move;CT_NM_3;Major
hicpp-signed-bitwise;hicpp;signed-bitwise;Signed Bitwise;CT_SB;Major
hicpp-special-member-functions;hicpp;special-member-functions;Special Member Functions;CT_SMF_2;Major
hicpp-static-assert;hicpp;static-assert;Static Assert;CT_SA_2;Major
hicpp-undelegated-constructor;hicpp;undelegated-constructor;Undelegated Constructor;CT_UC_2;Major
hicpp-uppercase-literal-suffix;hicpp;uppercase-literal-suffix;Uppercase Literal Suffix;CT_ULS;Major
hicpp-use-auto;hicpp;use-auto;Use Auto;CT_UA;Major
hicpp-use-emplace;hicpp;use-emplace;Use Emplace;CT_UE;Major
hicpp-use-equals-default;hicpp;use-equals-default;Use Equals Default;CT_UED;Major
hicpp-use-equals-delete;hicpp;use-equals-delete;Use Equals Delete;CT_UED_2;Major
hicpp-use-noexcept;hicpp;use-noexcept;Use Noexcept;CT_UN;Major
hicpp-use-nullptr;hicpp;use-nullptr;Use Nullptr;CT_UN_2;Major
hicpp-use-override;hicpp;use-override;Use Override;CT_UO;Major
hicpp-vararg;hicpp;vararg;Vararg;CT_V;Major
linuxkernel-must-use-errs;linuxkernel;must-use-errs;Must Use Errs;CT_MUE;Major
llvm-else-after-return;llvm;else-after-return;Else After Return;CT_EAR;Major
llvm-header-guard;llvm;header-guard;Header Guard;CT_HG;Major
llvm-include-order;llvm;include-order;Include Order;CT_IO;Major
llvm-namespace-comment;llvm;namespace-comment;Namespace Comment;CT_NC_2;Major
llvm-prefer-isa-or-dyn-cast-in-conditionals;llvm;prefer-isa-or-dyn-cast-in-conditionals;Prefer Isa Or Dyn Cast In Conditionals;CT_PIODCIC;Major
llvm-prefer-register-over-unsigned;llvm;prefer-register-over-unsigned;Prefer Register Over Unsigned;CT_PROU;Major
llvm-qualified-auto;llvm;qualified-auto;Qualified Auto;CT_QA;Major
llvm-twine-local;llvm;twine-local;Twine Local;CT_TL;Major
llvmlibc-callee-namespace;llvmlibc;callee-namespace;Callee Namespace;CT_CN;Major
llvmlibc-implementation-in-namespace;llvmlibc;implementation-in-namespace;Implementation In Namespace;CT_IIN;Major
llvmlibc-restrict-system-libc-headers;llvmlibc;restrict-system-libc-headers;Restrict System Libc Headers;CT_RSLH;Major
misc-definitions-in-headers;misc;definitions-in-headers;Definitions In Headers;CT_DIH;Major
misc-misplaced-const;misc;misplaced-const;Misplaced Const;CT_MC_6;Major
misc-new-delete-overloads;misc;new-delete-overloads;New Delete Overloads;CT_NDO_2;Major
misc-no-recursion;misc;no-recursion;No Recursion;CT_NR;Major
misc-non-copyable-objects;misc;non-copyable-objects;Non Copyable Objects;CT_NCO;Major
misc-non-private-member-variables-in-classes;misc;non-private-member-variables-in-classes;Non Private Member Variables In Classes;CT_NPMVIC_2;Major
misc-redundant-expression;misc;redundant-expression;Redundant Expression;CT_RE;Major
misc-static-assert;misc;static-assert;Static Assert;CT_SA_3;Major
misc-throw-by-value-catch-by-reference;misc;throw-by-value-catch-by-reference;Throw By Value Catch By Reference;CT_TBVCBR;Major
misc-unconventional-assign-operator;misc;unconventional-assign-operator;Unconventional Assign Operator;CT_UAO;Major
misc-uniqueptr-reset-release;misc;uniqueptr-reset-release;Uniqueptr Reset Release;CT_URR;Major
misc-unused-alias-decls;misc;unused-alias-decls;Unused Alias Decls;CT_UAD;Major
misc-unused-parameters;misc;unused-parameters;Unused Parameters;CT_UP;Major
misc-unused-using-decls;misc;unused-using-decls;Unused Using Decls;CT_UUD;Major
modernize-avoid-bind;modernize;avoid-bind;Avoid Bind;CT_AB;Major
modernize-avoid-c-arrays;modernize;avoid-c-arrays;Avoid C Arrays;CT_ACA_3;Major
modernize-concat-nested-namespaces;modernize;concat-nested-namespaces;Concat Nested Namespaces;CT_CNN;Major
modernize-deprecated-headers;modernize;deprecated-headers;Deprecated Headers;CT_DH_3;Major
modernize-deprecated-ios-base-aliases;modernize;deprecated-ios-base-aliases;Deprecated Ios Base Aliases;CT_DIBA;Major
modernize-loop-convert;modernize;loop-convert;Loop Convert;CT_LC;Major
modernize-make-shared;modernize;make-shared;Make Shared;CT_MS;Major
modernize-make-unique;modernize;make-unique;Make Unique;CT_MU_3;Major
modernize-pass-by-value;modernize;pass-by-value;Pass By Value;CT_PBV;Major
modernize-raw-string-literal;modernize;raw-string-literal;Raw String Literal;CT_RSL;Major
modernize-redundant-void-arg;modernize;redundant-void-arg;Redundant Void Arg;CT_RVA;Major
modernize-replace-auto-ptr;modernize;replace-auto-ptr;Replace Auto Ptr;CT_RAP;Major
modernize-replace-disallow-copy-and-assign-macro;modernize;replace-disallow-copy-and-assign-macro;Replace Disallow Copy And Assign Macro;CT_RDCAAM;Major
modernize-replace-random-shuffle;modernize;replace-random-shuffle;Replace Random Shuffle;CT_RRS;Major
modernize-return-braced-init-list;modernize;return-braced-init-list;Return Braced Init List;CT_RBIL;Major
modernize-shrink-to-fit;modernize;shrink-to-fit;Shrink To Fit;CT_STF;Major
modernize-unary-static-assert;modernize;unary-static-assert;Unary Static Assert;CT_USA_2;Major
modernize-use-auto;modernize;use-auto;Use Auto;CT_UA_2;Major
modernize-use-bool-literals;modernize;use-bool-literals;Use Bool Literals;CT_UBL;Major
modernize-use-default;modernize;use-default;Use Default;CT_UD;Major
modernize-use-default-member-init;modernize;use-default-member-init;Use Default Member Init;CT_UDMI;Major
modernize-use-emplace;modernize;use-emplace;Use Emplace;CT_UE_2;Major
modernize-use-equals-default;modernize;use-equals-default;Use Equals Default;CT_UED_3;Major
modernize-use-equals-delete;modernize;use-equals-delete;Use Equals Delete;CT_UED_4;Major
modernize-use-nodiscard;modernize;use-nodiscard;Use Nodiscard;CT_UN_3;Major
modernize-use-noexcept;modernize;use-noexcept;Use Noexcept;CT_UN_4;Major
modernize-use-nullptr;modernize;use-nullptr;Use Nullptr;CT_UN_5;Major
modernize-use-override;modernize;use-override;Use Override;CT_UO_2;Major
modernize-use-trailing-return-type;modernize;use-trailing-return-type;Use Trailing Return Type;CT_UTRT;Major
modernize-use-transparent-functors;modernize;use-transparent-functors;Use Transparent Functors;CT_UTF;Major
modernize-use-uncaught-exceptions;modernize;use-uncaught-exceptions;Use Uncaught Exceptions;CT_UUE;Major
modernize-use-using;modernize;use-using;Use Using;CT_UU;Major
mpi-buffer-deref;mpi;buffer-deref;Buffer Deref;CT_BD;Major
mpi-type-mismatch;mpi;type-mismatch;Type Mismatch;CT_TM;Major
objc-avoid-nserror-init;objc;avoid-nserror-init;Avoid Nserror Init;CT_ANI;Major
objc-dealloc-in-category;objc;dealloc-in-category;Dealloc In Category;CT_DIC;Major
objc-forbidden-subclassing;objc;forbidden-subclassing;Forbidden Subclassing;CT_FS_2;Major
objc-missing-hash;objc;missing-hash;Missing Hash;CT_MH;Major
objc-nsinvocation-argument-lifetime;objc;nsinvocation-argument-lifetime;Nsinvocation Argument Lifetime;CT_NAL;Major
objc-property-declaration;objc;property-declaration;Property Declaration;CT_PD;Major
objc-super-self;objc;super-self;Super Self;CT_SS_2;Major
openmp-exception-escape;openmp;exception-escape;Exception Escape;CT_EE_2;Major
openmp-use-default-none;openmp;use-default-none;Use Default None;CT_UDN;Major
performance-faster-string-find;performance;faster-string-find;Faster String Find;CT_FSF;Major
performance-for-range-copy;performance;for-range-copy;For Range Copy;CT_FRC;Major
performance-implicit-cast-in-loop;performance;implicit-cast-in-loop;Implicit Cast In Loop;CT_ICIL;Major
performance-implicit-conversion-in-loop;performance;implicit-conversion-in-loop;Implicit Conversion In Loop;CT_ICIL_2;Major
performance-inefficient-algorithm;performance;inefficient-algorithm;Inefficient Algorithm;CT_IA;Major
performance-inefficient-string-concatenation;performance;inefficient-string-concatenation;Inefficient String Concatenation;CT_ISC;Major
performance-inefficient-vector-operation;performance;inefficient-vector-operation;Inefficient Vector Operation;CT_IVO;Major
performance-move-const-arg;performance;move-const-arg;Move Const Arg;CT_MCA_2;Major
performance-move-constructor-init;performance;move-constructor-init;Move Constructor Init;CT_MCI;Major
performance-no-automatic-move;performance;no-automatic-move;No Automatic Move;CT_NAM;Major
performance-no-int-to-ptr;performance;no-int-to-ptr;No Int To Ptr;CT_NITP;Major
performance-noexcept-move-constructor;performance;noexcept-move-constructor;Noexcept Move Constructor;CT_NMC;Major
performance-trivially-destructible;performance;trivially-destructible;Trivially Destructible;CT_TD;Major
performance-type-promotion-in-math-fn;performance;type-promotion-in-math-fn;Type Promotion In Math Fn;CT_TPIMF;Major
performance-unnecessary-copy-initialization;performance;unnecessary-copy-initialization;Unnecessary Copy Initialization;CT_UCI;Major
performance-unnecessary-value-param;performance;unnecessary-value-param;Unnecessary Value Param;CT_UVP;Major
portability-restrict-system-includes;portability;restrict-system-includes;Restrict System Includes;CT_RSI;Major
portability-simd-intrinsics;portability;simd-intrinsics;Simd Intrinsics;CT_SI_2;Major
readability-avoid-const-params-in-decls;readability;avoid-const-params-in-decls;Avoid Const Params In Decls;CT_ACPID;Major
readability-braces-around-statements;readability;braces-around-statements;Braces Around Statements;CT_BAS_2;Major
readability-const-return-type;readability;const-return-type;Const Return Type;CT_CRT;Major
readability-container-size-empty;readability;container-size-empty;Container Size Empty;CT_CSE;Major
readability-convert-member-functions-to-static;readability;convert-member-functions-to-static;Convert Member Functions To Static;CT_CMFTS;Major
readability-delete-null-pointer;readability;delete-null-pointer;Delete Null Pointer;CT_DNP;Major
readability-deleted-default;readability;deleted-default;Deleted Default;CT_DD_2;Major
readability-else-after-return;readability;else-after-return;Else After Return;CT_EAR_2;Major
readability-function-cognitive-complexity;readability;function-cognitive-complexity;Function Cognitive Complexity;CT_FCC;Major
readability-function-size;readability;function-size;Function Size;CT_FS_3;Major
readability-identifier-naming;readability;identifier-naming;Identifier Naming;CT_IN;Major
readability-implicit-bool-cast;readability;implicit-bool-cast;Implicit Bool Cast;CT_IBC;Major
readability-implicit-bool-conversion;readability;implicit-bool-conversion;Implicit Bool Conversion;CT_IBC_2;Major
readability-inconsistent-declaration-parameter-name;readability;inconsistent-declaration-parameter-name;Inconsistent Declaration Parameter Name;CT_IDPN;Major
readability-isolate-declaration;readability;isolate-declaration;Isolate Declaration;CT_ID_2;Major
readability-magic-numbers;readability;magic-numbers;Magic Numbers;CT_MN;Major
readability-make-member-function-const;readability;make-member-function-const;Make Member Function Const;CT_MMFC;Major
readability-misleading-indentation;readability;misleading-indentation;Misleading Indentation;CT_MI_3;Major
readability-misplaced-array-index;readability;misplaced-array-index;Misplaced Array Index;CT_MAI;Major
readability-named-parameter;readability;named-parameter;Named Parameter;CT_NP_2;Major
readability-non-const-parameter;readability;non-const-parameter;Non Const Parameter;CT_NCP;Major
readability-qualified-auto;readability;qualified-auto;Qualified Auto;CT_QA_2;Major
readability-redundant-access-specifiers;readability;redundant-access-specifiers;Redundant Access Specifiers;CT_RAS;Major
readability-redundant-control-flow;readability;redundant-control-flow;Redundant Control Flow;CT_RCF;Major
readability-redundant-declaration;readability;redundant-declaration;Redundant Declaration;CT_RD;Major
readability-redundant-function-ptr-dereference;readability;redundant-function-ptr-dereference;Redundant Function Ptr Dereference;CT_RFPD;Major
readability-redundant-member-init;readability;redundant-member-init;Redundant Member Init;CT_RMI;Major
readability-redundant-preprocessor;readability;redundant-preprocessor;Redundant Preprocessor;CT_RP;Major
readability-redundant-smartptr-get;readability;redundant-smartptr-get;Redundant Smartptr Get;CT_RSG;Major
readability-redundant-string-cstr;readability;redundant-string-cstr;Redundant String Cstr;CT_RSC_2;Major
readability-redundant-string-init;readability;redundant-string-init;Redundant String Init;CT_RSI_2;Major
readability-simplify-boolean-expr;readability;simplify-boolean-expr;Simplify Boolean Expr;CT_SBE;Major
readability-simplify-subscript-expr;readability;simplify-subscript-expr;Simplify Subscript Expr;CT_SSE;Major
readability-static-accessed-through-instance;readability;static-accessed-through-instance;Static Accessed Through Instance;CT_SATI;Major
readability-static-definition-in-anonymous-namespace;readability;static-definition-in-anonymous-namespace;Static Definition In Anonymous Namespace;CT_SDIAN;Major
readability-string-compare;readability;string-compare;String Compare;CT_SC_5;Major
readability-uniqueptr-delete-release;readability;uniqueptr-delete-release;Uniqueptr Delete Release;CT_UDR;Major
readability-uppercase-literal-suffix;readability;uppercase-literal-suffix;Uppercase Literal Suffix;CT_ULS_2;Major
readability-use-anyofallof;readability;use-anyofallof;Use Anyofallof;CT_UA_3;Major
zircon-temporary-objects;zircon;temporary-objects;Temporary Objects;CT_TO;Major
clang-analyzer-core.CallAndMessage;clang-analyzer-core;CallAndMessage;Call And Message;CT_SA_CCAM;Major
clang-analyzer-core.DivideZero;clang-analyzer-core;DivideZero;Divide Zero;CT_SA_CDZ;Major
clang-analyzer-core.NonNullParamChecker;clang-analyzer-core;NonNullParamChecker;Non Null Param Checker;CT_SA_CNNPC;Major
clang-analyzer-core.NullDereference;clang-analyzer-core;NullDereference;Null Dereference;CT_SA_CND;Major
clang-analyzer-core.StackAddressEscape;clang-analyzer-core;StackAddressEscape;Stack Address Escape;CT_SA_CSAE;Major
clang-analyzer-core.UndefinedBinaryOperatorResult;clang-analyzer-core;UndefinedBinaryOperatorResult;Undefined Binary Operator Result;CT_SA_CUBOR;Major
clang-analyzer-core.VLASize;clang-analyzer-core;VLASize;VLA Size;CT_SA_CVS;Major
clang-analyzer-core.uninitialized.ArraySubscript;clang-analyzer-core.uninitialized;ArraySubscript;Array Subscript;CT_SA_CUAS;Major
clang-analyzer-core.uninitialized.Assign;clang-analyzer-core.uninitialized;Assign;Assign;CT_SA_CUA;Major
clang-analyzer-core.uninitialized.Branch;clang-analyzer-core.uninitialized;Branch;Branch;CT_SA_CUB;Major
clang-analyzer-core.uninitialized.CapturedBlockVariable;clang-analyzer-core.uninitialized;CapturedBlockVariable;Captured Block Variable;CT_SA_CUCBV;Major
clang-analyzer-core.uninitialized.UndefReturn;clang-analyzer-core.uninitialized;UndefReturn;Undef Return;CT_SA_CUUR;Major
clang-analyzer-cplusplus.InnerPointer;clang-analyzer-cplusplus;InnerPointer;Inner Pointer;CT_SA_CIP;Major
clang-analyzer-cplusplus.NewDelete;clang-analyzer-cplusplus;NewDelete;New Delete;CT_SA_CND_2;Major
clang-analyzer-cplusplus.NewDeleteLeaks;clang-analyzer-cplusplus;NewDeleteLeaks;New Delete Leaks;CT_SA_CNDL;Major
clang-analyzer-cplusplus.PlacementNewChecker;clang-analyzer-cplusplus;PlacementNewChecker;Placement New Checker;CT_SA_CPNC;Major
clang-analyzer-cplusplus.SelfAssignment;clang-analyzer-cplusplus;SelfAssignment;Self Assignment;CT_SA_CSA;Major
clang-analyzer-deadcode.DeadStores;clang-analyzer-deadcode;DeadStores;Dead Stores;CT_SA_DDS;Major
clang-analyzer-nullability.NullPassedToNonnull;clang-analyzer-nullability;NullPassedToNonnull;Null Passed To Nonnull;CT_SA_NNPTN;Major
clang-analyzer-nullability.NullReturnedFromNonnull;clang-analyzer-nullability;NullReturnedFromNonnull;Null Returned From Nonnull;CT_SA_NNRFN;Major
clang-analyzer-nullability.NullableDereferenced;clang-analyzer-nullability;NullableDereferenced;Nullable Dereferenced;CT_SA_NND;Major
clang-analyzer-nullability.NullablePassedToNonnull;clang-analyzer-nullability;NullablePassedToNonnull;Nullable Passed To Nonnull;CT_SA_NNPTN_2;Major
clang-analyzer-nullability.NullableReturnedFromNonnull;clang-analyzer-nullability;NullableReturnedFromNonnull;Nullable Returned From Nonnull;CT_SA_NNRFN_2;Major
clang-analyzer-optin.cplusplus.UninitializedObject;clang-analyzer-optin.cplusplus;UninitializedObject;Uninitialized Object;CT_SA_OCUO;Major
clang-analyzer-optin.cplusplus.VirtualCall;clang-analyzer-optin.cplusplus;VirtualCall;Virtual Call;CT_SA_OCVC;Major
clang-analyzer-optin.mpi.MPI-Checker;clang-analyzer-optin.mpi;MPI-Checker;MPI-Checker;CT_SA_OMM;Major
clang-analyzer-optin.osx.cocoa.localizability.EmptyLocalizationContextChecker;clang-analyzer-optin.osx.cocoa.localizability;EmptyLocalizationContextChecker;Empty Localization Context Checker;CT_SA_OOCLELCC;Major
clang-analyzer-optin.osx.cocoa.localizability.NonLocalizedStringChecker;clang-analyzer-optin.osx.cocoa.localizability;NonLocalizedStringChecker;Non Localized String Checker;CT_SA_OOCLNLSC;Major
clang-analyzer-optin.performance.GCDAntipattern;clang-analyzer-optin.performance;GCDAntipattern;GCD Antipattern;CT_SA_OPGA;Major
clang-analyzer-optin.performance.Padding;clang-analyzer-optin.performance;Padding;Padding;CT_SA_OPP;Major
clang-analyzer-optin.portability.UnixAPI;clang-analyzer-optin.portability;UnixAPI;Unix API;CT_SA_OPUA;Major
clang-analyzer-security.FloatLoopCounter;clang-analyzer-security;FloatLoopCounter;Float Loop Counter;CT_SA_SFLC;Major
clang-analyzer-security.insecureAPI.UncheckedReturn;clang-analyzer-security.insecureAPI;UncheckedReturn;Unchecked Return;CT_SA_SIUR;Major
clang-analyzer-security.insecureAPI.bcmp;clang-analyzer-security.insecureAPI;bcmp;bcmp;CT_SA_SIB;Major
clang-analyzer-security.insecureAPI.bcopy;clang-analyzer-security.insecureAPI;bcopy;bcopy;CT_SA_SIB_2;Major
clang-analyzer-security.insecureAPI.bzero;clang-analyzer-security.insecureAPI;bzero;bzero;CT_SA_SIB_3;Major
clang-analyzer-security.insecureAPI.getpw;clang-analyzer-security.insecureAPI;getpw;getpw;CT_SA_SIG;Major
clang-analyzer-security.insecureAPI.gets;clang-analyzer-security.insecureAPI;gets;gets;CT_SA_SIG_2;Major
clang-analyzer-security.insecureAPI.mkstemp;clang-analyzer-security.insecureAPI;mkstemp;mkstemp;CT_SA_SIM;Major
clang-analyzer-security.insecureAPI.mktemp;clang-analyzer-security.insecureAPI;mktemp;mktemp;CT_SA_SIM_2;Major
clang-analyzer-security.insecureAPI.rand;clang-analyzer-security.insecureAPI;rand;rand;CT_SA_SIR;Major
clang-analyzer-security.insecureAPI.strcpy;clang-analyzer-security.insecureAPI;strcpy;strcpy;CT_SA_SIS;Major
clang-analyzer-security.insecureAPI.vfork;clang-analyzer-security.insecureAPI;vfork;vfork;CT_SA_SIV;Major
clang-analyzer-security.insecureAPI.DeprecatedOrUnsafeBufferHandling;clang-analyzer-security.insecureAPI;DeprecatedOrUnsafeBufferHandling;Deprecated Or Unsafe Buffer Handling;CT_SA_SIDOUBH;Major
clang-analyzer-unix.API;clang-analyzer-unix;API;API;CT_SA_UA;Major
clang-analyzer-unix.Malloc;clang-analyzer-unix;Malloc;Malloc;CT_SA_UM;Major
clang-analyzer-unix.MallocSizeof;clang-analyzer-unix;MallocSizeof;Malloc Sizeof;CT_SA_UMS;Major
clang-analyzer-unix.MismatchedDeallocator;clang-analyzer-unix;MismatchedDeallocator;Mismatched Deallocator;CT_SA_UMD;Major
clang-analyzer-unix.Vfork;clang-analyzer-unix;Vfork;Vfork;CT_SA_UV;Major
clang-analyzer-unix.cstring.BadSizeArg;clang-analyzer-unix.cstring;BadSizeArg;Bad Size Arg;CT_SA_UCBSA;Major
clang-analyzer-unix.cstrisng.NullArg;clang-analyzer-unix.cstrisng;NullArg;Null Arg;CT_SA_UCNA;Major
clang-analyzer-osx.API;clang-analyzer-osx;API;API;CT_SA_OA;Major
clang-analyzer-osx.NumberObjectConversion;clang-analyzer-osx;NumberObjectConversion;Number Object Conversion;CT_SA_ONOC;Major
clang-analyzer-osx.ObjCProperty;clang-analyzer-osx;ObjCProperty;Obj C Property;CT_SA_OOCP;Major
clang-analyzer-osx.SecKeychainAPI;clang-analyzer-osx;SecKeychainAPI;Sec Keychain API;CT_SA_OSKA;Major
clang-analyzer-osx.cocoa.AtSync;clang-analyzer-osx.cocoa;AtSync;At Sync;CT_SA_OCAS;Major
clang-analyzer-osx.cocoa.AutoreleaseWrite;clang-analyzer-osx.cocoa;AutoreleaseWrite;Autorelease Write;CT_SA_OCAW;Major
clang-analyzer-osx.cocoa.ClassRelease;clang-analyzer-osx.cocoa;ClassRelease;Class Release;CT_SA_OCCR;Major
clang-analyzer-osx.cocoa.Dealloc;clang-analyzer-osx.cocoa;Dealloc;Dealloc;CT_SA_OCD;Major
clang-analyzer-osx.cocoa.IncompatibleMethodTypes;clang-analyzer-osx.cocoa;IncompatibleMethodTypes;Incompatible Method Types;CT_SA_OCIMT;Major
clang-analyzer-osx.cocoa.Loops;clang-analyzer-osx.cocoa;Loops;Loops;CT_SA_OCL;Major
clang-analyzer-osx.cocoa.MissingSuperCall;clang-analyzer-osx.cocoa;MissingSuperCall;Missing Super Call;CT_SA_OCMSC;Major
clang-analyzer-osx.cocoa.NSAutoreleasePool;clang-analyzer-osx.cocoa;NSAutoreleasePool;NS Autorelease Pool;CT_SA_OCNAP;Major
clang-analyzer-osx.cocoa.NSError;clang-analyzer-osx.cocoa;NSError;NS Error;CT_SA_OCNE;Major
clang-analyzer-osx.cocoa.NilArg;clang-analyzer-osx.cocoa;NilArg;Nil Arg;CT_SA_OCNA;Major
clang-analyzer-osx.cocoa.NonNilReturnValue;clang-analyzer-osx.cocoa;NonNilReturnValue;Non Nil Return Value;CT_SA_OCNNRV;Major
clang-analyzer-osx.cocoa.ObjCGenerics;clang-analyzer-osx.cocoa;ObjCGenerics;Obj C Generics;CT_SA_OCOCG;Major
clang-analyzer-osx.cocoa.RetainCount;clang-analyzer-osx.cocoa;RetainCount;Retain Count;CT_SA_OCRC;Major
clang-analyzer-osx.cocoa.RunLoopAutoreleaseLeak;clang-analyzer-osx.cocoa;RunLoopAutoreleaseLeak;Run Loop Autorelease Leak;CT_SA_OCRLAL;Major
clang-analyzer-osx.cocoa.SelfInit;clang-analyzer-osx.cocoa;SelfInit;Self Init;CT_SA_OCSI;Major
clang-analyzer-osx.cocoa.SuperDealloc;clang-analyzer-osx.cocoa;SuperDealloc;Super Dealloc;CT_SA_OCSD;Major
clang-analyzer-osx.cocoa.UnusedIvars;clang-analyzer-osx.cocoa;UnusedIvars;Unused Ivars;CT_SA_OCUI;Major
clang-analyzer-osx.cocoa.VariadicMethodTypes;clang-analyzer-osx.cocoa;VariadicMethodTypes;Variadic Method Types;CT_SA_OCVMT;Major
clang-analyzer-osx.coreFoundation.CFError;clang-analyzer-osx.coreFoundation;CFError;CF Error;CT_SA_OCCE;Major
clang-analyzer-osx.coreFoundation.CFNumber;clang-analyzer-osx.coreFoundation;CFNumber;CF Number;CT_SA_OCCN;Major
clang-analyzer-osx.coreFoundation.CFRetainRelease;clang-analyzer-osx.coreFoundation;CFRetainRelease;CF Retain Release;CT_SA_OCCRR;Major
clang-analyzer-osx.coreFoundation.containers.OutOfBounds;clang-analyzer-osx.coreFoundation.containers;OutOfBounds;Out Of Bounds;CT_SA_OCCOOB;Major
clang-analyzer-osx.coreFoundation.containers.PointerSizedValues;clang-analyzer-osx.coreFoundation.containers;PointerSizedValues;Pointer Sized Values;CT_SA_OCCPSV;Major
clang-analyzer-fuchsia.HandleChecker;clang-analyzer-fuchsia;HandleChecker;Handle Checker;CT_SA_FHC;Major
clang-analyzer-webkit.RefCntblBaseVirtualDtor;clang-analyzer-webkit;RefCntblBaseVirtualDtor;Ref Cntbl Base Virtual Dtor;CT_SA_WRCBVD;Major
clang-analyzer-webkit.NoUncountedMemberChecker;clang-analyzer-webkit;NoUncountedMemberChecker;No Uncounted Member Checker;CT_SA_WNUMC;Major
clang-analyzer-webkit.UncountedLambdaCapturesChecker;clang-analyzer-webkit;UncountedLambdaCapturesChecker;Uncounted Lambda Captures Checker;CT_SA_WULCC;Major
