toolId;PYLINT
AB;1
ABIS;1
ACI;1
AD;1
ADOI;1
AE;1
AFN;1
AFNR;1
AM;1
AMBD;1
ANS;1
AOT;1
ATNK;1
AUEIS;1
B;1
BC;1
BCA;1
BD;1
BE;1
BEC;1
BEO;1
BFC;1
BFS;1
BFSK;1
BI;1
BIO;1
BMCA;1
BMMA;1
BN;1
BOE;1
BOM;1
BOV;1
BP3I;1
BRS;1
BSA;1
BSC;1
BSFT;1
BSSC;1
BTI;1
BW;1
BaB;1
BrE;1
BuB;1
CB;1
CC;1
CE;1
CENM;1
CI;1
CID;1
CIF;1
CM;1
CMI;1
CNE;1
CSV;1
CUDC;1
CUE;1
CUG;1
CUI;1
CUJ;1
CUSC;1
CUT;1
CVFL;1
CWC;1
CWI;1
CWS;1
CoB;1
CoM;1
DAN;1
DB;1
DC;1
DDV;1
DE;1
DIF;1
DIM;1
DINI;1
DK;1
DKNI;1
DL;1
DM;1
DOF;1
DP;1
DSF;1
DSFA;1
DSTC;1
DTF;1
DUF;1
DVM;1
DVNI;1
DeM;1
DeSF;1
DepM;1
DiM;1
EB;1
ED;1
EE;1
EMA;1
ENA;1
EU;1
EWH;1
ExU;1
F;1
FB;1
FBNI;1
FCS;1
FI;1
FNM;1
FR;1
Fi;1
GAML;1
GM;1
GS;1
GVNA;1
GVU;1
HM;1
IAO;1
IB;1
ICID;1
IE;1
IED;1
IEV;1
IFI;1
IIG;1
ILR;1
IM;1
IN;1
INC;1
IRS;1
IS;1
ISAT;1
ISC;1
ISCIS;1
ISI;1
ISML;1
ISO;1
IUL;1
IUOT;1
IdM;1
InB;1
InE;1
InED;1
InM;1
InS;1
InSI;1
KABV;1
LAC;1
LB;1
LC;1
LD;1
LE;1
LFI;1
LFT;1
LLS;1
LNL;1
LS;1
LTFA;1
LTL;1
LTMA;1
LUF;1
LoE;1
LoFI;1
MA;1
MBNI;1
MBR;1
MCC;1
MCF;1
MD;1
MF;1
MFA;1
MFAK;1
MFF;1
MFN;1
MFS;1
MFSK;1
MH;1
MI;1
MK;1
MLE;1
MS;1
MSA;1
MuI;1
NABL;1
NACM;1
NAG;1
NAI;1
NAM;1
NC;1
NCD;1
NCM;1
NE;1
NER;1
NI;1
NIL;1
NIR;1
NM;1
NMA;1
NMC;1
NMD;1
NNIM;1
NO;1
NPIC;1
NR;1
NSA;1
NSD;1
NSU;1
NVFP;1
NWB;1
NoAI;1
NoER;1
NoM;1
OD;1
OM;1
ONO;1
OOL;1
ORS;1
OSC;1
PA;1
PE;1
POOC;1
PS;1
PSS;1
PU;1
PUV;1
PrS;1
R;1
RAFL;1
RAIG;1
RB;1
RBNI;1
RBT;1
RBTL;1
RCF;1
RFT;1
RI;1
RIH;1
RII;1
RK;1
RKA;1
RM;1
RNE;1
ROF;1
RON;1
RS;1
RUA;1
ReB;1
RedB;1
RelB;1
RoB;1
SB;1
SBE;1
SC;1
SCA;1
SCE;1
SD;1
SE;1
SIE;1
SINC;1
SIR;1
SIS;1
SM;1
SMI;1
SNAT;1
SOOC;1
SP;1
SPPF;1
SSUFS;1
SuM;1
SuOOC;1
TCT;1
TER;1
TFFA;1
TFPM;1
TFS;1
TMA;1
TMB;1
TMBE;1
TMFA;1
TMIA;1
TML;1
TMNB;1
TMPM;1
TMRS;1
TMS;1
TMSE;1
TN;1
TW;1
ToMA;1
ToMFA;1
ToML;1
U;1
UA;1
UAO;1
UAV;1
UB;1
UBA;1
UBO;1
UCA;1
UCT;1
UDK;1
UDO;1
UEOL;1
UFSA;1
UFSK;1
UIA;1
UIE;1
UIO;1
UKA;1
UL;1
ULEF;1
ULV;1
UMT;1
UN;1
UNS;1
UO;1
UOI;1
UP;1
UPGD;1
UR;1
US;1
USD;1
USMI;1
USMS;1
UT;1
UTU;1
UV;1
UWI;1
UnB;1
UnI;1
UnV;1
UngI;1
UsS;1
WEO;1
WI;1
WIO;1
WIP;1
WSIC;1
WSID;1
XA;1
XB;1
YIAF;1
YOF;1
ZBNI;1
