toolId;ESLINT
ABN;1
ABS;1
ABST;1
ACR;1
AEN;1
AP;1
APA;1
AS;1
BST;1
BSV;1
C;1
CA;1
CC;1
CMUT;1
CPS;1
CR;1
CRE;1
CS;1
CST;1
CSU;1
CT;1
CU;1
DC;1
DL;1
E;1
EL;1
FD;1
FN;1
FNM;1
FPN;1
FS;1
GFI;1
GR;1
GRET;1
GSS;1
HCE;1
IAL;1
IB;1
IL;1
IM;1
JQ;1
JSBS;1
JSCD;1
JSDN;1
JSFCS;1
JSI;1
JSID;1
JSKS;1
JSLBCM;1
JSNC;1
JSNDCM;1
JSNEA;1
JSNEF;1
JSNEP;1
JSNES;1
JSNIE;1
JSNIT;1
JSNLF;1
JSNMN;1
JSNN;1
JSNR;1
JSNS;1
JSNTL;1
JSNUBD;1
JSNUC;1
JSNUE;1
JSNUV;1
JSOCS;1
JSPAC;1
JSPLBS;1
JSQ;1
JSRA;1
JSS;1
JSSBFP;1
JSSIO;1
KWS;1
LAC;1
LCP;1
LS;1
MCS;1
MD;1
ML;1
MLINES;1
MNC;1
MP;1
MS;1
MSPL;1
MT;1
NA;1
NAC;1
NAIL;1
NB;1
NBC;1
NCA;1
NCAL;1
NCAP;1
NCAR;1
NCAS;1
NCC;1
NCD;1
NCNZ;1
NCO;1
NCONS;1
NCR;1
NCS;1
ND;1
NDA;1
NDC;1
NDIM;1
NDK;1
NDR;1
NDV;1
NE;1
NEB;1
NEBC;1
NECC;1
NELA;1
NEN;1
NENA;1
NEPA;1
NER;1
NEV;1
NF;1
NFA;1
NFD;1
NGA;1
NI;1
NIC;1
NICO;1
NID;1
NIG;1
NIR;1
NIW;1
NL;1
NLB;1
NLI;1
NLV;1
NMA;1
NMEL;1
NMO;1
NMR;1
NMS;1
NMSAT;1
NMST;1
NNC;1
NNF;1
NNO;1
NNRE;1
NNSY;1
NNT;1
NNW;1
NO;1
NOC;1
NOE;1
NP;1
NPA;1
NPB;1
NPC;1
NPCC;1
NPE;1
NPEX;1
NPL;1
NPR;1
NRA;1
NRG;1
NRIM;1
NRM;1
NRP;1
NRS;1
NRSY;1
NSA;1
NSAS;1
NSBP;1
NSC;1
NSH;1
NSRN;1
NSU;1
NSY;1
NT;1
NTBS;1
NTCIS;1
NTS;1
NU;1
NUCK;1
NUCO;1
NUD;1
NUES;1
NUF;1
NUI;1
NULA;1
NULC;1
NUM;1
NUN;1
NUND;1
NUNEG;1
NURE;1
NUREN;1
NUT;1
NV;1
NVA;1
NW;1
NWBP;1
NWC;1
OA;1
OCN;1
OL;1
OPN;1
OS;1
OV;1
OVPL;1
PB;1
PC;1
PNLI;1
PPRE;1
PRED;1
PRRP;1
PS;1
PTEM;1
QP;1
R;1
RJ;1
RSSP;1
RY;1
SBB;1
SC;1
SCS;1
SE;1
SIMD;1
SIMP;1
SIP;1
SK;1
SS;1
SSTYLE;1
SUO;1
SV;1
TECS;1
TSAOS;1
TSAT;1
TSATH;1
TSBS;1
TSBT;1
TSBTC;1
TSBTSC;1
TSCD;1
TSCIOS;1
TSCLPS;1
TSCTA;1
TSCTD;1
TSCTI;1
TSDN;1
TSEFRT;1
TSEMA;1
TSEMBT;1
TSFCS;1
TSI;1
TSID;1
TSKS;1
TSLBCM;1
TSMDS;1
TSMO;1
TSMSS;1
TSNAR;1
TSNBTS;1
TSNC;1
TSNCNNA;1
TSNCVE;1
TSNDCM;1
TSNDD;1
TSNDI;1
TSNEA;1
TSNEC;1
TSNEF;1
TSNEI;1
TSNENNA;1
TSNEP;1
TSNES;1
TSNFIA;1
TSNFP;1
TSNIAC;1
TSNIE;1
TSNIT;1
TSNIVT;1
TSNLF;1
TSNMN;1
TSNMP;1
TSNMVO;1
TSNMW;1
TSNN;1
TSNNNA;1
TSNNNANC;1
TSNNNAOC;1
TSNNTAS;1
TSNPP;1
TSNR;1
TSNRI;1
TSNS;1
TSNTA;1
TSNTAL;1
TSNTL;1
TSNUA;1
TSNUAS;1
TSNUBD;1
TSNUBLC;1
TSNUC;1
TSNUCA;1
TSNUE;1
TSNUMA;1
TSNUQ;1
TSNUR;1
TSNUTA;1
TSNUTAS;1
TSNUTC;1
TSNUV;1
TSNVR;1
TSOCS;1
TSPAC;1
TSPEI;1
TSPFA;1
TSPFO;1
TSPFT;1
TSPI;1
TSPLBS;1
TSPLEM;1
TSPNC;1
TSPNK;1
TSPOC;1
TSPR;1
TSPRE;1
TSPRPT;1
TSPRTP;1
TSPRTT;1
TSPSSEW;1
TSPTEE;1
TSQ;1
TSRA;1
TSRASC;1
TSRPO;1
TSRTE;1
TSS;1
TSSBE;1
TSSBFP;1
TSSEC;1
TSSIO;1
TSSTUIM;1
TST;1
TSTAS;1
TSTSR;1
TSUM;1
TSUS;1
TTS;1
UB;1
UI;1
VJ;1
VOT;1
VT;1
WI;1
WR;1
Y;1
YSSP;1
