toolId;FXCOP
AAIE;1
ACPM;1
ADA;1
AEC;1
AECC;1
AEI;1
AEL;1
AEPOGT;1
AFSNBRO;1
AIF;1
ALSTNIP;1
ALTSNBCV;1
AMSOCAM;1
ANFICVVT;1
ANWFT;1
AOICVI;1
AOP;1
ASHVSN;1
ASLSPC;1
ASMICVT;1
ATSNHC;1
ATSOEABT;1
AUA;1
AUC;1
AUIC;1
AUPC;1
AUPF;1
AVEXIN;1
CASVI;1
CAWUNR;1
CBCMOT;1
CEMSBO;1
CEPSBS;1
CFC;1
CGLEIA;1
CNCCEIGH;1
CPBTAP;1
CPSBRO;1
CRMSBM;1
CRMSNBV;1
CSBT;1
CSIGI;1
CTMNPITE;1
CVTBTSBCV;1
CVTSBC;1
CWSBCC;1
DAFAA;1
DC;1
DCMBD;1
DCMHCT;1
DEHC;1
DFSBD;1
DMBWCT;1
DMSCBCD;1
DNCGET;1
DNCOMIC;1
DNCU;1
DNDIMV;1
DNDOMT;1
DNDPMIST;1
DNDROMRT;1
DNDSMOGT;1
DNDVIF;1
DNDVMIST;1
DNEGL;1
DNHBCM;1
DNHLSS;1
DNIEMWLD;1
DNIMR;1
DNLOOWWI;1
DNMEWF;1
DNMSCWWM;1
DNNEVR;1
DNNGTIMS;1
DNOOEORT;1
DNPEVWTN;1
DNPLALP;1
DNPTBR;1
DNREIEC;1
DNREIUL;1
DNRRET;1
DNSURF;1
DNTFAT;1
DNUADCIT;1
DNUIPP;1
DNUTTPPSC;1
DOBLS;1
DPSNBU;1
DTIN;1
DTSDF;1
ECARSBT;1
EEVSBT;1
ESBP;1
ESBST;1
ESHZV;1
ESNHBOAP;1
ESSBI;1
EVSMSBT;1
EVSSBT;1
FAPSBA;1
FARBT;1
FASESBF;1
FASNCFAC;1
FESHPN;1
FSBP;1
FSCBCF;1
FWCTSBC;1
GMSPTP;1
HCHOCSBT;1
HCRBT;1
HREHCSBT;1
IAEC;1
IC;1
IIHSTM;1
IMCO;1
IMSBCBCT;1
IRTSFI;1
ISBCC;1
ISBSC;1
ISC;1
ISDBMTC;1
ISEC;1
ISHCP;1
ISHCS;1
ISMC;1
ISNBM;1
ISNCTN;1
ISNCU;1
ISNHIP;1
ISNHIS;1
ISNMK;1
IVTSFI;1
LAST;1
LSBSC;1
MANSF;1
MAWAU;1
MAWAV;1
MAWCC;1
MAWCV;1
MAWNRL;1
MBAWMA;1
MCSIA;1
MEWF;1
MMAS;1
MMOWCT;1
MSDBMTRT;1
MSNECCT;1
MSSBOT;1
MTNMC;1
MTWS;1
MVHWVAT;1
MWFEPWST;1
NCFSNBV;1
NSTU;1
NTSNBV;1
OEAOEOVT;1
OEOOOE;1
OFESHPN;1
OGHCOOE;1
OLDSBITB;1
OMOCT;1
OOEOOAAS;1
OOEOOVTE;1
OOHNA;1
OSHSO;1
OSNO;1
PCATFM;1
PDMFOF;1
PDSBP;1
PEEVMBT;1
PEPSE;1
PEVSMSBT;1
PJAOM;1
PNSMBD;1
PNSNMGM;1
PNSNMMN;1
POAM;1
POSHNOBEVI;1
PSNBSC;1
PSNBV;1
PSNBWO;1
PSNRA;1
PSUOIOS;1
PVRSBE;1
PVSEMSBA;1
RCTA;1
RDAPOU;1
RDSOVT;1
REF;1
RIS;1
RMCPSBA;1
RMCRBT;1
RMCSESBF;1
RMFN;1
RRAWPA;1
RSCWSBCC;1
RSQFSV;1
RSSBSC;1
RSUCSU;1
RTPSD;1
RUL;1
RUP;1
RVEH;1
SA;1
SCI;1
SCSBP;1
SESECO;1
SHTSBS;1
SHTSNHC;1
SLFDT;1
SMBO;1
SMFSA;1
SMTSPI;1
SP;1
SRSLSNBPWLD;1
SSC;1
STSNEF;1
SUOCSUO;1
TASNC;1
TCMNUCA;1
TFESUSL;1
TFN;1
TLDRID;1
TMBALACABT;1
TMMBV;1
TMMNCNC;1
TMMNCSUCSM;1
TMMNHPCE;1
TMMNRCC;1
TMMNSLD;1
TMMNUSA;1
TMSNBPWLD;1
TMSND;1
TMSNLAFBA;1
TMSNUSUCS;1
TNSNMN;1
TSBD;1
TSNECBT;1
TTODFSBD;1
TTONRSBD;1
UEWA;1
UGEHI;1
UGWA;1
UIOSAFI;1
ULWA;1
UMEOW;1
UOAFTF;1
UOSC;1
UPFVA;1
UPSNBS;1
UPT;1
UPWA;1
URPRSHNOBEST;1
URVSNBS;1
USHTENR;1
VAOPM;1
VNSNMFN;1
VRSBE;1
VSEMSBA;1
VSUKSBS;1
VTFSBP;1
WVFCIOT;1